date,open,high,low,close,volume,amount
2023-01-03,13.2,13.85,13.05,13.77,219412794,2971546880.0
2023-01-04,13.71,14.42,13.63,14.32,218968253,3110729472.0
2023-01-05,14.4,14.74,14.37,14.48,166542518,2417272320.0
2023-01-06,14.5,14.72,14.48,14.62,119574471,1747915136.0
2023-01-09,14.75,14.88,14.52,14.8,105765911,1561368448.0
2023-01-10,14.76,14.89,14.39,14.44,126942339,1851093760.0
2023-01-11,14.45,14.78,14.39,14.67,83056612,1217450752.0
2023-01-12,14.77,14.77,14.53,14.67,62569484,914367680.0
2023-01-13,14.67,14.95,14.55,14.95,94908583,1407181056.0
2023-01-16,14.95,15.28,14.85,15.08,156003989,2356399872.0
2023-01-17,15.13,15.18,14.77,14.97,93583454,1396151552.0
2023-01-18,14.95,15.18,14.91,15.11,71843403,1083362944.0
2023-01-19,15.13,15.25,14.87,15.09,64187520,963744640.0
2023-01-20,15.16,15.24,15.0,15.13,60859008,920144832.0
2023-01-30,15.6,15.74,14.89,15.15,137431750,2096867712.0
2023-01-31,15.24,15.51,14.96,14.99,103049784,1568639360.0
2023-02-01,15.03,15.08,14.51,14.7,165342148,2426471936.0
2023-02-02,14.74,14.78,14.27,14.6,157790039,2280744960.0
2023-02-03,14.45,14.55,14.16,14.32,124638298,1782105856.0
2023-02-06,14.1,14.13,13.86,14.0,131761010,1838428672.0
2023-02-07,14.06,14.32,14.03,14.21,86946046,1235297792.0
2023-02-08,14.24,14.32,14.03,14.04,65789257,928708928.0
2023-02-09,14.01,14.3,13.96,14.13,83035002,1174361984.0
2023-02-10,14.1,14.12,13.86,13.98,84728366,1184283392.0
2023-02-13,13.94,13.94,13.6,13.82,180005416,2473405184.0
2023-02-14,13.85,13.98,13.8,13.96,90993709,1263892096.0
2023-02-15,13.95,13.96,13.62,13.67,125024398,1713566720.0
2023-02-16,13.68,13.91,13.5,13.6,127912329,1757431040.0
2023-02-17,13.63,13.72,13.43,13.43,91836369,1246777344.0
2023-02-20,13.5,14.15,13.49,14.15,211619117,2945969664.0
2023-02-21,14.06,14.2,13.92,14.1,99049499,1393153408.0
2023-02-22,14.0,14.12,13.94,14.02,63892239,895742528.0
2023-02-23,14.0,14.32,13.98,14.05,82449068,1165539840.0
2023-02-24,14.02,14.03,13.8,13.86,72998904,1012652992.0
2023-02-27,13.75,13.88,13.68,13.69,62146193,854854016.0
2023-02-28,13.75,13.85,13.61,13.78,60793592,833316032.0
2023-03-01,13.8,14.19,13.74,14.17,122345178,1719710592.0
2023-03-02,14.13,14.44,14.06,14.24,101587684,1447565952.0
2023-03-03,14.35,14.37,14.14,14.29,69095439,985552128.0
2023-03-06,14.3,14.3,13.72,13.85,145582414,2023954560.0
2023-03-07,13.85,14.1,13.65,13.69,127926629,1773654784.0
2023-03-08,13.63,13.64,13.4,13.53,109689791,1479838976.0
2023-03-09,13.54,13.58,13.13,13.2,173606476,2305765888.0
2023-03-10,13.0,13.27,13.0,13.14,85699610,1128558336.0
2023-03-13,13.12,13.29,13.0,13.05,100063496,1309490048.0
2023-03-14,12.99,13.0,12.73,12.87,114907558,1474124160.0
2023-03-15,13.05,13.18,12.94,13.05,97936372,1278262272.0
2023-03-16,12.89,13.03,12.8,12.82,91679249,1182054400.0
2023-03-17,12.99,13.04,12.65,12.75,155681414,2000832384.0
2023-03-20,12.76,12.85,12.55,12.57,118881633,1505893632.0
2023-03-21,12.65,12.78,12.5,12.7,84074317,1060914048.0
2023-03-22,12.75,12.88,12.71,12.79,87669077,1121080704.0
2023-03-23,12.7,12.9,12.63,12.9,80430604,1029380480.0
2023-03-24,12.85,12.86,12.76,12.82,62151875,796319552.0
2023-03-27,12.8,12.81,12.46,12.6,100842214,1266945024.0
2023-03-28,12.66,12.73,12.55,12.64,67386843,851797888.0
2023-03-29,12.73,12.74,12.5,12.53,59606433,750687552.0
2023-03-30,12.55,12.71,12.41,12.68,82454624,1035422912.0
2023-03-31,12.69,12.77,12.51,12.53,86549166,1092263424.0
2023-04-03,12.55,12.69,12.46,12.67,74042886,934285184.0
2023-04-04,12.64,12.72,12.59,12.65,64745722,817726528.0
2023-04-06,12.6,12.61,12.5,12.58,56332130,706480640.0
2023-04-07,12.57,12.69,12.5,12.62,60792526,767354816.0
2023-04-10,12.64,12.7,12.58,12.68,64018181,809943168.0
2023-04-11,12.7,12.72,12.52,12.54,77777962,978302912.0
2023-04-12,12.58,12.59,12.45,12.48,90995706,1136997760.0
2023-04-13,12.41,12.67,12.3,12.56,113159146,1413918976.0
2023-04-14,12.6,12.9,12.58,12.69,129799484,1653539584.0
2023-04-17,12.66,12.94,12.6,12.93,130421259,1669357696.0
2023-04-18,12.93,13.2,12.89,13.0,153893615,2009934848.0
2023-04-19,13.02,13.07,12.83,12.85,101437815,1309536000.0
2023-04-20,12.9,12.9,12.62,12.75,81178841,1033330688.0
2023-04-21,12.7,12.83,12.48,12.5,91866839,1160509824.0
2023-04-24,12.48,12.5,12.03,12.1,146767192,1798134016.0
2023-04-25,12.14,12.37,12.12,12.28,130190082,1595320192.0
2023-04-26,12.25,12.25,11.99,12.12,99126040,1197555712.0
2023-04-27,12.06,12.35,12.0,12.26,100409337,1222755968.0
2023-04-28,12.26,12.78,12.22,12.55,144525434,1816868096.0
2023-05-04,12.4,12.83,12.19,12.73,147826438,1863146112.0
2023-05-05,12.78,13.11,12.75,12.91,176218865,2283981056.0
2023-05-08,12.94,13.49,12.84,13.32,263071861,3478891520.0
2023-05-09,13.4,13.6,13.13,13.16,242253445,3238716416.0
2023-05-10,13.17,13.26,12.8,12.84,123705339,1600189952.0
2023-05-11,12.95,13.12,12.8,12.85,90375844,1166479360.0
2023-05-12,12.82,12.87,12.61,12.62,88560368,1124579072.0
2023-05-15,12.68,12.85,12.45,12.83,92832563,1173804288.0
2023-05-16,12.8,12.92,12.57,12.62,99830169,1267712128.0
2023-05-17,12.58,12.64,12.44,12.49,75462120,945315200.0
2023-05-18,12.57,12.64,12.43,12.49,68718687,861347520.0
2023-05-19,12.43,12.44,12.32,12.34,68841368,851165568.0
2023-05-22,12.31,12.45,12.31,12.38,54932785,679754880.0
2023-05-23,12.38,12.41,12.21,12.21,69436436,852871168.0
2023-05-24,12.2,12.21,12.01,12.01,82425088,996600576.0
2023-05-25,11.99,12.0,11.81,11.93,88274430,1050002560.0
2023-05-26,11.93,12.13,11.84,12.1,51142864,613772928.0
2023-05-29,12.11,12.13,11.95,11.98,56607382,680275584.0
2023-05-30,11.98,11.99,11.8,11.87,76399692,906316352.0
2023-05-31,11.82,11.84,11.58,11.6,117958671,1376758400.0
2023-06-01,11.6,11.68,11.5,11.59,74302293,861646464.0
2023-06-02,11.68,11.97,11.64,11.93,122184253,1446502656.0
2023-06-05,11.88,12.0,11.82,11.91,52184619,620531392.0
2023-06-06,11.91,12.09,11.82,11.84,83327347,997039296.0
2023-06-07,11.89,12.07,11.88,11.94,64369784,770386880.0
2023-06-08,11.96,12.2,11.86,12.12,86939712,1048266240.0
2023-06-09,12.06,12.09,11.85,11.88,131528476,1566929280.0
2023-06-12,11.82,11.9,11.76,11.79,75874703,896015680.0
2023-06-13,11.76,11.84,11.69,11.77,84998805,1000183552.0
2023-06-14,11.55,11.73,11.46,11.47,106920004,1237376768.0
2023-06-15,11.49,11.63,11.39,11.61,92530056,1064567232.0
2023-06-16,11.61,11.67,11.57,11.63,84203365,978869312.0
2023-06-19,11.63,11.63,11.41,11.45,95399707,1096351104.0
2023-06-20,11.44,11.46,11.35,11.36,54455079,620374336.0
2023-06-21,11.36,11.48,11.34,11.35,61658296,703681536.0
2023-06-26,11.3,11.3,11.15,11.18,67657743,757976000.0
2023-06-27,11.2,11.32,11.17,11.28,46170178,519520672.0
2023-06-28,11.28,11.33,11.22,11.3,36539644,412039360.0
2023-06-29,11.29,11.29,11.17,11.18,48590630,544534848.0
2023-06-30,11.18,11.31,11.15,11.23,51905258,583494656.0
2023-07-03,11.24,11.53,11.23,11.49,88509071,1009887424.0
2023-07-04,11.46,11.49,11.32,11.4,61630056,701885248.0
2023-07-05,11.36,11.4,11.3,11.34,42348240,479726272.0
2023-07-06,11.3,11.34,11.21,11.24,59709591,672396800.0
2023-07-07,11.2,11.27,11.18,11.2,48444083,543212480.0
2023-07-10,11.25,11.28,11.17,11.2,49588228,556581568.0
2023-07-11,11.22,11.26,11.19,11.21,57080909,640131776.0
2023-07-12,11.23,11.36,11.22,11.24,73608367,830230848.0
2023-07-13,11.32,11.47,11.27,11.43,112422973,1281848320.0
2023-07-14,11.43,11.55,11.4,11.46,71914699,825295744.0
2023-07-17,11.41,11.41,11.26,11.31,60834258,687262912.0
2023-07-18,11.29,11.32,11.22,11.25,47196618,531299776.0
2023-07-19,11.23,11.32,11.23,11.31,38219596,430771264.0
2023-07-20,11.33,11.44,11.29,11.32,55406957,629696128.0
2023-07-21,11.31,11.39,11.28,11.34,37710256,427375936.0
2023-07-24,11.33,11.33,11.24,11.26,42685218,480713408.0
2023-07-25,11.45,11.73,11.44,11.72,203295819,2358815232.0
2023-07-26,11.65,11.74,11.56,11.67,75166268,875260160.0
2023-07-27,11.68,11.87,11.65,11.75,111519586,1314228352.0
2023-07-28,11.69,12.3,11.67,12.26,234701346,2839828224.0
2023-07-31,12.3,12.5,12.23,12.32,185495239,2288940288.0
2023-08-01,12.26,12.37,12.13,12.16,95773478,1169570688.0
2023-08-02,12.06,12.24,11.93,12.03,111590004,1343864192.0
2023-08-03,11.99,12.37,11.95,12.33,117584771,1433255552.0
2023-08-04,12.42,12.53,12.21,12.3,130313102,1611435392.0
2023-08-07,12.21,12.25,12.12,12.16,64691326,786506432.0
2023-08-08,12.12,12.21,12.0,12.1,72570456,877489216.0
2023-08-09,12.06,12.2,12.05,12.17,57760774,702060800.0
2023-08-10,12.15,12.21,12.06,12.16,47559453,577123904.0
2023-08-11,12.17,12.27,11.89,11.89,94353857,1132867200.0
2023-08-14,11.76,11.78,11.59,11.67,97592018,1139185280.0
2023-08-15,11.69,11.8,11.6,11.73,71281277,834163008.0
2023-08-16,11.67,11.85,11.61,11.73,57290437,671706048.0
2023-08-17,11.67,11.7,11.46,11.57,96505775,1116292608.0
2023-08-18,11.58,11.74,11.53,11.56,65981885,767047296.0
2023-08-21,11.56,11.58,11.32,11.32,70149785,799641408.0
2023-08-22,11.38,11.45,11.31,11.37,60680809,689991232.0
2023-08-23,11.35,11.42,11.24,11.25,69180998,783102848.0
2023-08-24,11.29,11.32,11.05,11.13,129127070,1439197056.0
2023-08-25,11.1,11.33,11.08,11.23,84534992,946760256.0
2023-08-28,11.84,11.93,11.49,11.52,199760987,2336205824.0
2023-08-29,11.47,11.49,11.13,11.31,196496143,2217588736.0
2023-08-30,11.27,11.27,11.13,11.13,137563829,1537573504.0
2023-08-31,11.14,11.22,11.12,11.13,80647403,900123584.0
2023-09-01,11.19,11.36,11.19,11.32,113870483,1285169024.0
2023-09-04,11.35,11.59,11.33,11.56,141002923,1621769216.0
2023-09-05,11.5,11.51,11.36,11.39,80417716,917888832.0
2023-09-06,11.33,11.46,11.3,11.43,63484051,721905664.0
2023-09-07,11.4,11.44,11.32,11.33,54004157,613812160.0
2023-09-08,11.28,11.32,11.23,11.27,47902967,539624960.0
2023-09-11,11.3,11.4,11.27,11.34,65448558,741764928.0
2023-09-12,11.35,11.35,11.25,11.28,49548506,559058560.0
2023-09-13,11.29,11.32,11.21,11.25,49021797,551747648.0
2023-09-14,11.28,11.33,11.25,11.29,55165017,622906048.0
2023-09-15,11.35,11.4,11.2,11.22,89047613,1005529152.0
2023-09-18,11.22,11.24,11.14,11.23,50132501,561449792.0
2023-09-19,11.22,11.23,11.16,11.21,50366432,564044032.0
2023-09-20,11.2,11.22,11.15,11.15,55887241,624785472.0
2023-09-21,11.14,11.14,11.04,11.05,84393011,934673216.0
2023-09-22,11.03,11.25,11.03,11.24,91148430,1017137920.0
2023-09-25,11.24,11.32,11.19,11.22,76121125,856022528.0
2023-09-26,11.22,11.26,11.14,11.16,44498035,497885824.0
2023-09-27,11.15,11.22,11.15,11.17,49031061,547905792.0
2023-09-28,11.19,11.24,11.18,11.2,52069678,583649728.0
2023-10-09,11.16,11.17,11.06,11.11,69582809,772959360.0
2023-10-10,11.19,11.2,11.02,11.02,82074851,910160320.0
2023-10-11,11.09,11.09,10.96,10.98,72411569,797663808.0
2023-10-12,11.11,11.16,11.04,11.11,85305750,947562304.0
2023-10-13,11.03,11.07,10.95,11.0,68448308,753110720.0
2023-10-16,11.0,11.03,10.95,11.01,50162432,550988736.0
2023-10-17,11.01,11.05,10.96,11.02,49352505,543170880.0
2023-10-18,10.99,11.02,10.91,10.95,65182492,713979904.0
2023-10-19,10.91,10.92,10.59,10.6,118896083,1271914624.0
2023-10-20,10.55,10.67,10.51,10.6,52613912,557618624.0
2023-10-23,10.59,10.6,10.43,10.5,53040448,557032256.0
2023-10-24,10.54,10.61,10.44,10.55,76065269,801528384.0
2023-10-25,10.51,10.54,10.36,10.38,141144968,1470971904.0
2023-10-26,10.31,10.42,10.3,10.41,59999147,621915264.0
2023-10-27,10.38,10.48,10.33,10.45,91977136,957587520.0
2023-10-30,10.4,10.47,10.35,10.45,80568955,837646016.0
2023-10-31,10.43,10.49,10.41,10.46,65285523,682212160.0
2023-11-01,10.55,10.56,10.45,10.48,56730035,595211904.0
2023-11-02,10.5,10.6,10.47,10.48,61942995,652316672.0
2023-11-03,10.49,10.52,10.43,10.48,70546347,738879680.0
2023-11-06,10.51,10.69,10.51,10.69,100706221,1069206848.0
2023-11-07,10.66,10.66,10.58,10.6,64086612,679815552.0
2023-11-08,10.58,10.6,10.45,10.5,87781875,923622016.0
2023-11-09,10.46,10.52,10.43,10.49,63913648,669639040.0
2023-11-10,10.45,10.47,10.29,10.3,104504417,1080649728.0
2023-11-13,10.31,10.33,10.22,10.25,77004310,789007104.0
2023-11-14,10.24,10.33,10.23,10.27,59685888,613377728.0
2023-11-15,10.37,10.45,10.34,10.37,110914015,1152154752.0
2023-11-16,10.38,10.39,10.23,10.24,92262194,948395072.0
2023-11-17,10.22,10.25,10.12,10.15,90336217,917616704.0
2023-11-20,10.15,10.22,10.1,10.19,63952831,650077376.0
2023-11-21,10.23,10.35,10.22,10.28,104116573,1072311488.0
2023-11-22,10.26,10.31,10.14,10.16,73748951,753064768.0
2023-11-23,10.15,10.16,10.07,10.15,84665587,855904320.0
2023-11-24,10.11,10.13,10.08,10.1,68469456,691423424.0
2023-11-27,10.09,10.09,9.97,10.01,83618785,836268352.0
2023-11-28,9.99,10.02,9.95,9.95,78617469,784405824.0
2023-11-29,9.95,9.97,9.7,9.72,146759662,1438320256.0
2023-11-30,9.69,9.73,9.62,9.68,90176457,871481728.0
2023-12-01,9.65,9.68,9.58,9.66,77805699,749668352.0
2023-12-04,9.67,9.68,9.61,9.63,60543785,583664320.0
2023-12-05,9.61,9.62,9.47,9.48,78737848,750961216.0
2023-12-06,9.44,9.57,9.4,9.5,75305592,714029440.0
2023-12-07,9.49,9.49,9.38,9.44,58538019,552224832.0
2023-12-08,9.41,9.45,9.3,9.3,102115150,957664576.0
2023-12-11,9.22,9.38,9.13,9.35,113366281,1044765760.0
2023-12-12,9.31,9.5,9.3,9.42,85501642,805067648.0
2023-12-13,9.38,9.39,9.15,9.16,106130165,981001216.0
2023-12-14,9.21,9.28,9.15,9.15,74290056,683211456.0
2023-12-15,9.2,9.35,9.19,9.21,98893942,915126144.0
2023-12-18,9.18,9.24,9.09,9.13,65442562,599379072.0
2023-12-19,9.12,9.17,9.07,9.1,64407088,586716672.0
2023-12-20,9.11,9.15,9.03,9.03,71563363,650511360.0
2023-12-21,9.01,9.19,8.99,9.17,101704676,925407104.0
2023-12-22,9.19,9.28,9.11,9.2,100564502,924998784.0
2023-12-25,9.18,9.2,9.14,9.19,41397088,379638240.0
2023-12-26,9.19,9.2,9.07,9.1,54189633,493746624.0
2023-12-27,9.1,9.13,9.02,9.12,64153435,582036672.0
2023-12-28,9.11,9.47,9.08,9.45,166159184,1550256640.0
2023-12-29,9.42,9.48,9.35,9.39,85385279,803196736.0
2024-01-02,9.39,9.42,9.21,9.21,115836645,1075742208.0
2024-01-03,9.19,9.22,9.15,9.2,73361031,673673600.0
2024-01-04,9.19,9.19,9.08,9.11,86419399,787470080.0
2024-01-05,9.1,9.44,9.07,9.27,199162216,1852659712.0
2024-01-08,9.23,9.3,9.11,9.15,112115619,1029006528.0
2024-01-09,9.16,9.19,9.09,9.18,76619388,700375744.0
2024-01-10,9.16,9.19,9.09,9.09,85862091,783771136.0
2024-01-11,9.08,9.22,9.03,9.17,93468637,853890240.0
2024-01-12,9.13,9.27,9.11,9.19,77258215,711018240.0
2024-01-15,9.16,9.29,9.13,9.21,74513266,685950976.0
2024-01-16,9.19,9.35,9.16,9.34,143831258,1334465408.0
2024-01-17,9.33,9.39,9.23,9.23,148229621,1380725120.0
2024-01-18,9.21,9.24,9.0,9.2,175513247,1597853696.0
2024-01-19,9.16,9.2,9.1,9.17,96398142,881865024.0
2024-01-22,9.16,9.26,9.04,9.1,158031966,1449858304.0
2024-01-23,9.05,9.18,8.96,9.16,113554458,1030898432.0
2024-01-24,9.23,9.34,9.07,9.33,175912316,1620099328.0
2024-01-25,9.33,9.54,9.27,9.5,216251395,2037648384.0
2024-01-26,9.47,9.67,9.44,9.62,227228706,2172799744.0
2024-01-29,9.69,9.88,9.58,9.7,237625184,2312173312.0
2024-01-30,9.61,9.7,9.49,9.5,157912214,1515156608.0
2024-01-31,9.46,9.56,9.38,9.46,135721747,1286857344.0
2024-02-01,9.41,9.48,9.34,9.41,105525987,993481920.0
2024-02-02,9.42,9.47,9.07,9.27,163421431,1520605696.0
2024-02-05,9.19,9.43,9.11,9.38,180359190,1674566528.0
2024-02-06,9.3,9.68,9.29,9.68,199540954,1900324224.0
2024-02-07,9.62,9.67,9.48,9.61,206201497,1975435136.0
2024-02-08,9.58,9.67,9.52,9.67,165681384,1593505664.0
2024-02-19,9.76,9.81,9.65,9.81,160524265,1564088448.0
2024-02-20,9.79,9.84,9.73,9.82,112356398,1098987776.0
2024-02-21,9.78,10.8,9.77,10.8,505528460,5295259648.0
2024-02-22,10.65,10.91,10.62,10.9,492232512,5307736576.0
2024-02-23,10.88,11.24,10.84,10.85,356747950,3917316352.0
2024-02-26,10.78,10.88,10.5,10.53,286260888,3048205056.0
2024-02-27,10.49,10.6,10.46,10.5,198190492,2083027072.0
2024-02-28,10.51,10.7,10.4,10.49,308269265,3253340416.0
2024-02-29,10.42,10.59,10.41,10.59,184534423,1936020992.0
2024-03-01,10.59,10.6,10.43,10.49,182810290,1917689344.0
2024-03-04,10.45,10.5,10.32,10.33,165592954,1719562880.0
2024-03-05,10.3,10.47,10.26,10.43,181731907,1889144320.0
2024-03-06,10.4,10.45,10.33,10.33,134564016,1396940032.0
2024-03-07,10.33,10.64,10.33,10.38,201616589,2109589248.0
2024-03-08,10.35,10.44,10.3,10.38,111397428,1154491264.0
2024-03-11,10.38,10.47,10.34,10.47,121067298,1260211968.0
2024-03-12,10.48,10.59,10.41,10.56,164126237,1721999744.0
2024-03-13,10.53,10.55,10.3,10.33,176803911,1834654976.0
2024-03-14,10.3,10.38,10.2,10.23,140939973,1448499712.0
2024-03-15,10.55,10.75,10.5,10.6,375020789,3973799168.0
2024-03-18,10.56,10.61,10.49,10.54,167139651,1761249152.0
2024-03-19,10.53,10.54,10.39,10.4,129321558,1351069568.0
2024-03-20,10.38,10.47,10.37,10.45,87266316,910278592.0
2024-03-21,10.45,10.52,10.42,10.47,86446625,905422272.0
2024-03-22,10.45,10.45,10.31,10.36,102814174,1065535616.0
2024-03-25,10.35,10.49,10.32,10.4,95320221,993304128.0
2024-03-26,10.45,10.66,10.42,10.6,174002146,1835376128.0
2024-03-27,10.56,10.63,10.51,10.53,127413599,1347397120.0
2024-03-28,10.51,10.57,10.38,10.49,130218892,1362980352.0
2024-03-29,10.45,10.57,10.43,10.52,87275898,917332288.0
2024-04-01,10.52,10.65,10.51,10.64,119108796,1261770368.0
2024-04-02,10.63,10.68,10.53,10.55,108545826,1149700736.0
2024-04-03,10.53,10.55,10.42,10.46,98184585,1028648896.0
2024-04-08,10.42,10.49,10.37,10.43,90636052,945290432.0
2024-04-09,10.43,10.47,10.36,10.4,85715673,891468992.0
2024-04-10,10.38,10.41,10.27,10.28,124639082,1288696192.0
2024-04-11,10.24,10.29,10.12,10.25,101021340,1030820160.0
2024-04-12,10.22,10.27,10.04,10.06,130545371,1322011776.0
2024-04-15,10.07,10.32,10.06,10.29,145320260,1486326144.0
2024-04-16,10.28,10.39,10.22,10.28,147803643,1523138560.0
2024-04-17,10.26,10.63,10.21,10.62,223264057,2337576704.0
2024-04-18,10.58,11.03,10.56,10.8,316591426,3427339008.0
2024-04-19,10.71,10.82,10.66,10.69,145767502,1562376192.0
2024-04-22,10.64,10.81,10.45,10.5,200981837,2125722752.0
2024-04-23,10.51,10.65,10.46,10.54,124002700,1308866048.0
2024-04-24,10.52,10.57,10.46,10.53,94156774,989093568.0
2024-04-25,10.5,10.62,10.48,10.61,111381224,1176304512.0
2024-04-26,10.59,10.67,10.48,10.6,160762751,1698581376.0
2024-04-29,10.56,10.9,10.52,10.81,216917737,2337350912.0
2024-04-30,10.8,10.88,10.73,10.79,132455653,1431407744.0
2024-05-06,10.96,11.11,10.84,10.89,178410057,1953817472.0
2024-05-07,10.87,10.89,10.76,10.88,108705665,1176786432.0
2024-05-08,10.84,10.88,10.71,10.73,122179127,1318611968.0
2024-05-09,10.71,10.82,10.71,10.76,106946063,1150726912.0
2024-05-10,10.77,10.96,10.76,10.94,176783561,1923452160.0
2024-05-13,10.9,11.01,10.81,10.97,140249860,1530058880.0
2024-05-14,11.0,11.06,10.88,10.91,107578391,1176577280.0
2024-05-15,10.9,10.92,10.81,10.83,86829660,942907968.0
2024-05-16,10.85,11.21,10.83,11.17,307629165,3410151936.0
2024-05-17,11.18,11.42,11.13,11.42,284174885,3200736512.0
2024-05-20,11.43,11.53,11.31,11.38,217021030,2475290112.0
2024-05-21,11.32,11.62,11.31,11.55,203004941,2336192768.0
2024-05-22,11.56,11.74,11.46,11.56,211553138,2458448896.0
2024-05-23,11.53,11.59,11.37,11.4,184162290,2110799232.0
2024-05-24,11.37,11.49,11.3,11.31,139827584,1593330304.0
2024-05-27,11.31,11.53,11.31,11.51,145436143,1663272064.0
2024-05-28,11.5,11.58,11.36,11.4,120432285,1377107200.0
2024-05-29,11.38,11.45,11.23,11.26,144481111,1635445632.0
2024-05-30,11.24,11.34,11.06,11.12,132549635,1481608704.0
2024-05-31,11.14,11.19,11.11,11.11,82670676,921248128.0
2024-06-03,11.12,11.13,10.91,10.98,132669675,1456086016.0
2024-06-04,10.95,11.05,10.91,11.02,98100495,1079356544.0
2024-06-05,11.04,11.07,10.87,10.87,101896775,1114156032.0
2024-06-06,10.9,10.98,10.88,10.9,104933153,1145989376.0
2024-06-07,10.92,11.01,10.89,10.99,117012604,1281662976.0
2024-06-11,10.98,11.02,10.79,10.87,133762854,1452841984.0
2024-06-12,10.85,10.91,10.78,10.88,95742635,1037927488.0
2024-06-13,10.89,10.93,10.8,10.8,120350779,1304403456.0
2024-06-14,10.15,10.23,9.99,10.18,163799047,1657433984.0
2024-06-17,10.13,10.16,10.08,10.1,68121702,688669888.0
2024-06-18,10.11,10.16,10.04,10.08,70065308,707829440.0
2024-06-19,10.1,10.21,10.08,10.15,79618418,807676224.0
2024-06-20,10.16,10.17,10.05,10.05,62962757,635070272.0
2024-06-21,10.05,10.09,9.95,10.0,83054528,831176896.0
2024-06-24,9.97,10.07,9.88,9.98,94708154,944907456.0
2024-06-25,9.99,10.13,9.98,10.08,76999281,775332096.0
2024-06-26,10.06,10.13,10.02,10.08,62859871,633763904.0
2024-06-27,10.06,10.21,10.0,10.13,92888197,938954368.0
2024-06-28,10.1,10.26,10.09,10.15,91808992,933947840.0
2024-07-01,10.09,10.35,10.04,10.35,134305149,1372549632.0
2024-07-02,10.3,10.48,10.28,10.4,138438570,1440864384.0
2024-07-03,10.4,10.43,10.29,10.31,71306746,737326400.0
2024-07-04,10.3,10.38,10.25,10.26,73504424,757464384.0
2024-07-05,10.26,10.29,9.92,9.97,171335386,1721256576.0
2024-07-08,9.94,10.02,9.85,9.93,86865962,864791808.0
2024-07-09,9.94,10.1,9.91,10.07,103248530,1034316480.0
2024-07-10,10.07,10.2,10.05,10.14,87386511,886626752.0
2024-07-11,10.21,10.23,10.07,10.13,72139225,731789312.0
2024-07-12,10.12,10.31,10.12,10.31,121416369,1246877696.0
2024-07-15,10.31,10.35,10.26,10.33,86941247,896975808.0
2024-07-16,10.33,10.37,10.24,10.3,94300811,971564864.0
2024-07-17,10.3,10.42,10.28,10.4,122016835,1266412544.0
2024-07-18,10.38,10.43,10.3,10.41,108706102,1127365120.0
2024-07-19,10.38,10.42,10.29,10.37,89872324,929722688.0
2024-07-22,10.36,10.38,10.19,10.23,99448087,1018663808.0
2024-07-23,10.25,10.33,10.16,10.18,102015363,1046994496.0
2024-07-24,10.18,10.24,10.12,10.13,72451757,736332864.0
2024-07-25,10.12,10.15,10.0,10.09,85640443,861750336.0
2024-07-26,10.1,10.12,9.97,10.03,92955195,931879552.0
2024-07-29,10.02,10.14,9.97,10.11,78155243,788019072.0
2024-07-30,10.1,10.13,10.03,10.08,61326795,618056640.0
2024-07-31,10.08,10.28,10.07,10.27,109690634,1117768704.0
2024-08-01,10.25,10.32,10.17,10.27,73388377,752688192.0
2024-08-02,10.22,10.25,10.13,10.14,59022876,601173376.0
2024-08-05,10.11,10.22,10.05,10.05,75897852,768980608.0
2024-08-06,10.07,10.12,9.89,9.93,126553691,1261997696.0
2024-08-07,9.95,9.98,9.91,9.93,51760842,514848800.0
2024-08-08,9.92,9.98,9.9,9.94,50041067,497548160.0
2024-08-09,9.96,10.1,9.94,10.04,73027396,732886464.0
2024-08-12,10.02,10.05,9.98,10.01,35301346,353251360.0
2024-08-13,10.02,10.03,9.92,9.95,62207720,620061504.0
2024-08-14,9.94,9.98,9.91,9.92,43638038,433380448.0
2024-08-15,9.92,10.06,9.87,10.03,77624747,775851456.0
2024-08-16,10.08,10.21,10.05,10.13,126036761,1277042048.0
2024-08-19,10.13,10.3,10.12,10.29,148298526,1520594688.0
2024-08-20,10.32,10.43,10.28,10.34,156918665,1623147648.0
2024-08-21,10.3,10.38,10.21,10.35,103488781,1068207872.0
2024-08-22,10.34,10.45,10.32,10.38,110903039,1153871872.0
2024-08-23,10.39,10.5,10.32,10.47,107190571,1117475712.0
2024-08-26,10.5,10.55,10.42,10.49,74067524,775921856.0
2024-08-27,10.47,10.52,10.37,10.43,72313658,755583744.0
2024-08-28,10.41,10.43,10.28,10.33,94254754,973872128.0
2024-08-29,10.31,10.38,10.11,10.13,119767631,1221351040.0
2024-08-30,10.11,10.26,10.11,10.16,129405908,1318858624.0
2024-09-02,10.12,10.21,10.09,10.11,96883550,983898752.0
2024-09-03,10.11,10.13,10.0,10.08,91658122,920884672.0
2024-09-04,10.05,10.15,10.0,10.02,84799233,852224640.0
2024-09-05,10.03,10.08,9.98,10.07,59420876,595845824.0
2024-09-06,10.06,10.21,10.05,10.08,87886543,891507840.0
2024-09-09,10.05,10.07,9.84,9.85,163917451,1624857728.0
2024-09-10,9.86,9.92,9.78,9.9,76790114,756124736.0
2024-09-11,9.88,9.88,9.63,9.65,110872704,1078602496.0
2024-09-12,9.65,9.77,9.61,9.74,58183405,564923200.0
2024-09-13,9.73,9.82,9.7,9.7,56646190,553269696.0
2024-09-18,9.72,9.78,9.66,9.77,44361099,431665632.0
2024-09-19,9.79,9.84,9.68,9.81,68429311,669341184.0
2024-09-20,9.81,9.9,9.78,9.9,79729714,785121216.0
2024-09-23,9.89,10.09,9.87,10.04,89690755,897428032.0
2024-09-24,10.11,10.37,10.08,10.37,163821319,1678174464.0
2024-09-25,10.52,10.7,10.45,10.5,216069398,2285995264.0
2024-09-26,10.5,11.15,10.5,11.15,308645720,3341759488.0
2024-09-27,11.35,11.56,11.03,11.42,384001637,4337985024.0
2024-09-30,11.62,12.3,11.56,12.21,543028364,6467438592.0
2024-10-08,13.43,13.43,12.34,12.88,588897778,7602663936.0
2024-10-09,12.63,12.63,11.66,11.68,426934506,5172049920.0
2024-10-10,11.62,12.26,11.6,11.98,342642168,4095573504.0
2024-10-11,12.0,12.17,11.58,11.72,207089057,2455848192.0
2024-10-14,11.98,12.18,11.79,12.02,240059509,2881934336.0
2024-10-15,11.94,12.23,11.88,11.9,207284077,2500974336.0
2024-10-16,11.8,12.18,11.77,12.06,191449353,2301340928.0
2024-10-17,12.07,12.23,11.93,11.95,165370809,1993261696.0
2024-10-18,11.91,12.18,11.68,12.04,260465416,3105820928.0
2024-10-21,11.94,11.94,11.63,11.81,280665467,3302020096.0
2024-10-22,11.76,11.93,11.72,11.79,161778713,1908438784.0
2024-10-23,11.82,11.89,11.75,11.86,151186604,1787236736.0
2024-10-24,11.81,11.86,11.72,11.75,88529942,1042818624.0
2024-10-25,11.77,11.78,11.69,11.71,110575468,1296844416.0
2024-10-28,11.68,11.68,11.53,11.64,116948698,1356008960.0
2024-10-29,11.62,11.74,11.53,11.54,119802482,1391150208.0
2024-10-30,11.5,11.58,11.27,11.32,148240279,1686501632.0
2024-10-31,11.33,11.44,11.24,11.38,125020539,1419624320.0
2024-11-01,11.38,11.55,11.34,11.43,158981111,1821423488.0
2024-11-04,11.43,11.46,11.26,11.46,113151611,1285874176.0
2024-11-05,11.42,11.66,11.39,11.65,166541840,1925260672.0
2024-11-06,11.62,11.64,11.47,11.55,146228636,1689977472.0
2024-11-07,11.5,11.93,11.48,11.91,224284379,2627007488.0
2024-11-08,11.94,12.01,11.7,11.72,189510415,2239060480.0
2024-11-11,11.63,11.68,11.47,11.6,148695164,1717961600.0
2024-11-12,11.58,11.84,11.51,11.54,171766255,2005791360.0
2024-11-13,11.5,11.7,11.48,11.61,108626328,1260161920.0
2024-11-14,11.59,11.7,11.53,11.54,115978311,1348378240.0
2024-11-15,11.5,11.61,11.42,11.44,121578351,1399308672.0
2024-11-18,11.63,12.04,11.62,11.75,379732445,4493249024.0
2024-11-19,11.75,11.96,11.55,11.68,243003665,2849661696.0
2024-11-20,11.67,11.75,11.61,11.64,128657248,1498818048.0
2024-11-21,11.62,11.65,11.56,11.59,88340806,1023998400.0
2024-11-22,11.59,11.61,11.28,11.28,162531744,1858071552.0
2024-11-25,11.28,11.34,11.14,11.18,116602032,1310130688.0
2024-11-26,11.18,11.31,11.14,11.27,83107820,933733824.0
2024-11-27,11.24,11.39,11.15,11.39,89517805,1010001984.0
2024-11-28,11.39,11.42,11.32,11.34,73316854,833121344.0
2024-11-29,11.37,11.46,11.34,11.38,102848758,1173316096.0
2024-12-02,11.39,11.4,11.31,11.39,97543366,1108785536.0
2024-12-03,11.37,11.5,11.35,11.49,108255936,1236992640.0
2024-12-04,11.44,11.53,11.37,11.46,100747059,1154623360.0
2024-12-05,11.44,11.5,11.41,11.44,68710883,786137984.0
2024-12-06,11.44,11.7,11.43,11.66,172626927,2004270464.0
2024-12-09,11.63,11.72,11.59,11.67,96406316,1123441792.0
2024-12-10,11.9,11.95,11.75,11.79,216780724,2564600576.0
2024-12-11,11.79,11.83,11.72,11.73,96769145,1138374144.0
2024-12-12,11.73,11.87,11.71,11.85,98623459,1164062464.0
2024-12-13,11.79,11.8,11.56,11.56,134379289,1565589120.0
2024-12-16,11.56,11.66,11.53,11.57,80571778,934226176.0
2024-12-17,11.57,11.65,11.52,11.53,80211995,929225472.0
2024-12-18,11.58,11.74,11.57,11.65,101658966,1186285824.0
2024-12-19,11.59,11.64,11.54,11.59,69737904,808465664.0
2024-12-20,11.59,11.7,11.58,11.62,71464627,831437440.0
2024-12-23,11.64,11.84,11.64,11.73,165940476,1953519488.0
2024-12-24,11.72,11.87,11.72,11.86,135083691,1595698816.0
2024-12-25,11.86,12.02,11.84,11.92,147528294,1759956608.0
2024-12-26,11.92,11.93,11.78,11.86,100007470,1183745536.0
2024-12-27,11.87,11.9,11.66,11.83,129001228,1518383360.0
2024-12-30,11.78,11.97,11.78,11.95,135184636,1610892160.0
2024-12-31,11.93,11.99,11.7,11.7,147536733,1747242112.0
2025-01-02,11.73,11.77,11.39,11.43,181959699,2102923136.0
2025-01-03,11.44,11.54,11.36,11.38,115468044,1320520960.0
2025-01-06,11.38,11.48,11.22,11.44,108553630,1234305792.0
2025-01-07,11.42,11.53,11.37,11.51,74786288,858329024.0
2025-01-08,11.5,11.63,11.4,11.5,106238601,1223598976.0
2025-01-09,11.5,11.5,11.35,11.4,75148330,857836096.0
2025-01-10,11.4,11.46,11.28,11.3,79813351,905005056.0
2025-01-13,11.25,11.26,11.08,11.2,93496618,1044904384.0
2025-01-14,11.2,11.4,11.19,11.38,82462895,934467776.0
2025-01-15,11.38,11.58,11.36,11.48,103163082,1185403648.0
2025-01-16,11.55,11.59,11.47,11.57,87296399,1007689280.0
2025-01-17,11.53,11.55,11.42,11.45,68976486,791230400.0
2025-01-20,11.5,11.52,11.4,11.42,83202913,953092160.0
2025-01-21,11.45,11.45,11.32,11.33,90206894,1024879168.0
2025-01-22,11.32,11.33,11.08,11.09,134712922,1504818560.0
2025-01-23,11.17,11.4,11.17,11.32,151492027,1715172480.0
2025-01-24,11.32,11.39,11.22,11.34,94494421,1069899072.0
2025-01-27,11.38,11.55,11.38,11.47,115193471,1324270592.0
2025-02-05,11.5,11.52,11.33,11.37,84343370,961193600.0
2025-02-06,11.35,11.45,11.3,11.36,95560325,1084793216.0
2025-02-07,11.36,11.45,11.31,11.38,140749262,1601622016.0
2025-02-10,11.38,11.5,11.36,11.43,102659093,1174044672.0
2025-02-11,11.4,11.47,11.37,11.42,84452003,963865600.0
2025-02-12,11.41,11.43,11.34,11.42,98880683,1125323648.0
2025-02-13,11.42,11.55,11.4,11.5,135863927,1560709504.0
2025-02-14,11.49,11.55,11.43,11.55,97305774,1118355968.0
2025-02-17,11.6,11.8,11.55,11.78,206196542,2413146112.0
2025-02-18,11.76,11.96,11.76,11.81,199661049,2371071488.0
2025-02-19,11.8,11.81,11.68,11.71,117774895,1382467200.0
2025-02-20,11.71,11.76,11.65,11.66,78439627,917231424.0
2025-02-21,11.69,11.71,11.55,11.64,97396897,1131033856.0
2025-02-24,11.63,11.69,11.56,11.59,94995617,1103548928.0
2025-02-25,11.56,11.58,11.46,11.47,91715602,1055685184.0
2025-02-26,11.47,11.6,11.47,11.52,84164552,970641216.0
2025-02-27,11.53,11.63,11.46,11.62,97730975,1130386688.0
2025-02-28,11.58,11.68,11.5,11.53,94908806,1100335104.0
2025-03-03,11.52,11.56,11.45,11.51,83045695,955266368.0
2025-03-04,11.47,11.55,11.44,11.51,68317873,785448000.0
2025-03-05,11.52,11.67,11.48,11.66,108064544,1254892032.0
2025-03-06,11.69,11.7,11.6,11.63,87740771,1021780608.0
2025-03-07,11.63,11.69,11.6,11.67,83553669,973236672.0
2025-03-10,11.66,11.67,11.55,11.59,66383393,769261376.0
2025-03-11,11.54,11.61,11.52,11.61,60897527,704240448.0
2025-03-12,11.6,11.87,11.56,11.85,187731840,2210904576.0
2025-03-13,11.81,11.91,11.78,11.84,131237121,1555123200.0
2025-03-14,11.82,12.0,11.82,11.97,172241765,2057970432.0
2025-03-17,11.63,11.67,11.46,11.5,460361210,5315523072.0
2025-03-18,11.52,11.54,11.48,11.49,160529000,1846500480.0
2025-03-19,11.48,11.53,11.46,11.52,136245491,1566452224.0
2025-03-20,11.51,11.61,11.49,11.49,110115724,1268849152.0
2025-03-21,11.49,11.52,11.39,11.42,137638897,1576151808.0
2025-03-24,11.41,11.44,11.34,11.38,116457734,1325564032.0
2025-03-25,11.38,11.43,11.36,11.43,73560888,839142016.0
2025-03-26,11.42,11.43,11.37,11.38,74086307,843536960.0
2025-03-27,11.37,11.41,11.35,11.39,55334940,629863360.0
2025-03-28,11.39,11.4,11.34,11.35,64494555,732420864.0
2025-03-31,11.36,11.38,11.26,11.26,111612564,1262598272.0
2025-04-01,11.27,11.3,11.22,11.27,68147042,767424128.0
2025-04-02,11.25,11.41,11.25,11.37,93264176,1058747264.0
2025-04-03,11.31,11.39,11.3,11.34,64391391,730375808.0
2025-04-07,11.0,11.05,10.48,10.7,254556048,2751055360.0
2025-04-08,10.68,10.85,10.66,10.82,146398771,1576590080.0
2025-04-09,10.73,10.83,10.66,10.8,106439405,1145238912.0
2025-04-10,10.86,10.93,10.82,10.9,86654805,943352320.0
2025-04-11,10.87,10.9,10.83,10.89,58387902,634311808.0
2025-04-14,10.95,11.04,10.92,10.93,78599345,862557120.0
2025-04-15,10.92,10.97,10.9,10.95,72275410,790139072.0
2025-04-16,10.93,11.01,10.91,11.0,84282217,923316032.0
2025-04-17,10.95,11.08,10.93,11.06,82391931,907597504.0
2025-04-18,11.04,11.19,11.03,11.18,72709815,810031616.0
2025-04-21,11.0,11.13,10.97,11.02,111418418,1230804480.0
2025-04-22,11.02,11.06,10.98,11.04,83112887,915967680.0
2025-04-23,11.04,11.05,10.97,11.01,58638293,645842432.0
2025-04-24,11.0,11.06,10.99,11.03,68925613,760348544.0
2025-04-25,11.04,11.05,10.99,11.01,63754686,702315264.0
2025-04-28,11.0,11.04,10.96,11.0,64201837,706520192.0
2025-04-29,11.0,11.02,10.95,10.98,64904494,712792512.0
2025-04-30,10.96,10.97,10.89,10.91,86983492,949911040.0
2025-05-06,10.92,11.0,10.89,10.96,85467127,935212096.0
2025-05-07,11.01,11.04,10.97,11.03,112627001,1240098176.0
2025-05-08,11.0,11.08,10.99,11.08,105661366,1167913472.0
2025-05-09,11.07,11.17,11.06,11.15,99989747,1113688192.0
2025-05-12,11.16,11.22,11.13,11.16,89560460,1000478400.0
2025-05-13,11.19,11.33,11.15,11.29,126103062,1420501376.0
2025-05-14,11.29,11.47,11.25,11.43,168351358,1912995456.0
2025-05-15,11.43,11.5,11.38,11.39,103546026,1183732864.0
2025-05-16,11.37,11.43,11.31,11.38,91474445,1039223616.0
2025-05-19,11.4,11.47,11.36,11.37,83139060,949883520.0
2025-05-20,11.4,11.47,11.37,11.39,64363480,734455296.0
2025-05-21,11.4,11.59,11.39,11.48,132827810,1528350336.0
2025-05-22,11.45,11.56,11.44,11.55,100296806,1155265024.0
2025-05-23,11.55,11.6,11.43,11.46,96264311,1108636160.0
2025-05-26,11.44,11.5,11.4,11.42,69915858,800495680.0
2025-05-27,11.45,11.54,11.42,11.49,80191514,921912256.0
2025-05-28,11.5,11.55,11.44,11.53,65817947,757571328.0
2025-05-29,11.52,11.55,11.45,11.46,91980676,1056726400.0
2025-05-30,11.47,11.58,11.44,11.56,113084931,1303433728.0
2025-06-03,11.54,11.91,11.53,11.81,219247966,2580962560.0
2025-06-04,11.82,11.88,11.78,11.84,116795950,1383019648.0
2025-06-05,11.88,11.91,11.66,11.67,116680349,1369212288.0
2025-06-06,11.7,11.79,11.68,11.7,68235251,799900032.0
2025-06-09,11.73,11.75,11.65,11.71,77325468,905092608.0
2025-06-10,11.72,11.89,11.71,11.81,142813180,1689018752.0
2025-06-11,11.82,11.93,11.79,11.85,109466664,1298656256.0
2025-06-12,11.56,11.7,11.52,11.68,129022047,1500287232.0
2025-06-13,11.68,11.74,11.56,11.58,109549419,1272773120.0
2025-06-16,11.57,11.79,11.53,11.79,117443827,1371041664.0
2025-06-17,11.79,11.88,11.71,11.76,89002734,1048960768.0
2025-06-18,11.78,11.81,11.66,11.77,68352111,802908096.0
2025-06-19,11.76,11.78,11.65,11.7,83224716,974127360.0
2025-06-20,11.7,11.86,11.67,11.84,130919782,1544541824.0
2025-06-23,11.81,11.97,11.67,11.93,138917048,1646476928.0
2025-06-24,11.9,12.01,11.84,11.93,130852531,1560621952.0
2025-06-25,11.93,12.08,11.83,12.06,167511647,2007989760.0
2025-06-26,12.05,12.48,12.01,12.41,217457766,2672207616.0
2025-06-27,12.37,12.58,12.13,12.2,237760015,2937864960.0
2025-06-30,12.14,12.17,11.96,12.07,150481965,1812492416.0
2025-07-01,12.06,12.33,12.06,12.3,135434108,1653806720.0
2025-07-02,12.31,12.41,12.23,12.32,120041184,1481842176.0
2025-07-03,12.33,12.42,12.28,12.35,79408597,980545984.0
2025-07-04,12.35,12.72,12.3,12.6,177533267,2224873984.0
2025-07-07,12.6,12.82,12.6,12.78,149540653,1901755904.0
2025-07-08,12.75,12.84,12.65,12.69,109098597,1387093632.0
2025-07-09,12.66,12.9,12.66,12.84,120596330,1542699008.0
2025-07-10,12.82,13.33,12.79,13.18,248141553,3249454080.0
2025-07-11,13.19,13.3,12.89,12.91,244374350,3200219648.0
2025-07-14,12.87,13.17,12.86,12.98,187289585,2440924160.0
2025-07-15,12.99,13.04,12.71,12.73,181053131,2322277376.0
2025-07-16,12.73,12.76,12.5,12.64,192786379,2424984064.0
2025-07-17,12.61,12.7,12.54,12.59,94464140,1189666176.0
2025-07-18,12.62,12.75,12.6,12.7,124120611,1574176768.0
2025-07-21,12.64,12.71,12.55,12.61,107902662,1360155776.0
2025-07-22,12.6,12.6,12.32,12.49,193522916,2408337408.0
2025-07-23,12.46,12.63,12.45,12.53,137052000,1719158784.0
2025-07-24,12.53,12.53,12.33,12.35,195935057,2426175232.0
2025-07-25,12.33,12.46,12.32,12.35,110826666,1372103680.0
2025-07-28,12.35,12.53,12.32,12.46,123824278,1541316992.0
2025-07-29,12.46,12.51,12.34,12.34,101281801,1255113984.0
2025-07-30,12.35,12.64,12.34,12.49,171516360,2149934336.0
2025-07-31,12.51,12.55,12.22,12.23,169008125,2079630592.0
2025-08-01,12.24,12.33,12.15,12.28,101218698,1240239232.0
2025-08-04,12.24,12.38,12.21,12.3,103268969,1271376384.0
2025-08-05,12.3,12.5,12.28,12.47,113207820,1405152384.0
2025-08-06,12.47,12.52,12.4,12.46,69044765,859684672.0
2025-08-07,12.44,12.53,12.39,12.47,72205305,900760000.0
2025-08-08,12.48,12.53,12.39,12.4,82979591,1032586752.0
2025-08-11,12.4,12.42,12.27,12.3,93435315,1150305152.0
2025-08-12,12.3,12.4,12.3,12.33,68005619,839635648.0
2025-08-13,12.37,12.4,12.23,12.26,111981305,1376777856.0
2025-08-14,12.27,12.34,12.19,12.2,124104129,1523447936.0
2025-08-15,12.23,12.23,11.94,12.08,194850295,2344073472.0
2025-08-18,12.06,12.15,12.03,12.08,123905837,1496526976.0
2025-08-19,12.1,12.12,12.02,12.06,89285989,1077380224.0
2025-08-20,12.06,12.12,11.98,12.07,104873853,1265435776.0
2025-08-21,12.05,12.19,12.03,12.15,121741825,1477053312.0
2025-08-22,12.15,12.17,11.98,12.06,164425977,1979461248.0
2025-08-25,12.12,12.53,12.1,12.45,304508753,3761288960.0
2025-08-26,12.45,12.5,12.3,12.36,138359861,1709560960.0
2025-08-27,12.32,12.36,12.05,12.06,186004950,2268070656.0
2025-08-28,12.09,12.14,11.97,12.08,165358793,1991723392.0
2025-08-29,12.05,12.22,12.03,12.05,180512568,2186232832.0
2025-09-01,12.05,12.05,11.85,11.89,185845902,2214306304.0
2025-09-02,11.85,11.99,11.84,11.98,149271566,1780010240.0
2025-09-03,11.98,12.01,11.74,11.75,136723249,1619323008.0
2025-09-04,11.76,11.77,11.6,11.74,129530002,1513956736.0
2025-09-05,11.73,11.74,11.63,11.72,81966156,957547456.0
2025-09-08,11.71,11.78,11.67,11.7,92443104,1083054592.0
2025-09-09,11.71,11.78,11.68,11.75,86053917,1009279744.0
2025-09-10,11.74,11.79,11.71,11.77,79266839,932170176.0
2025-09-11,11.77,11.85,11.71,11.85,96393163,1134234368.0
2025-09-12,11.83,11.88,11.7,11.72,94038510,1107449088.0
2025-09-15,11.7,11.72,11.63,11.65,84038656,980347648.0
2025-09-16,11.66,11.71,11.61,11.64,70804849,825169472.0
2025-09-17,11.64,11.67,11.58,11.64,77112893,896750272.0
2025-09-18,11.65,11.66,11.38,11.41,138616040,1594827264.0
2025-09-19,11.41,11.51,11.37,11.45,83465120,955004096.0
2025-09-22,11.44,11.47,11.37,11.38,59640232,680158464.0
